{"ProjectWatches":"{\"Value\":[]}","OpenedDocuments":"[\"Main.xaml\"]","ProjectBreakpoints":"{\"Value\":{\"Process.xaml\":[{\"ConditionalExpression\":null,\"ActionExpression\":null,\"ExpectedHitCounter\":null,\"ShouldContinueAfterAction\":false,\"IsEnabled\":true,\"ActivityIdRef\":\"Delay_1\",\"ActivityId\":\"1.163\",\"ActivityName\":\"Delay 10 SECONDI\"}],\"TABVapInterno.xaml\":[{\"ConditionalExpression\":null,\"ActionExpression\":null,\"ExpectedHitCounter\":null,\"ShouldContinueAfterAction\":false,\"IsEnabled\":true,\"ActivityIdRef\":\"Delay_2\",\"ActivityId\":\"1.28\",\"ActivityName\":\"Delay\"}],\"MapFlowbranch_flowchart.xaml\":[{\"ConditionalExpression\":null,\"ActionExpression\":null,\"ExpectedHitCounter\":null,\"ShouldContinueAfterAction\":false,\"IsEnabled\":true,\"ActivityIdRef\":\"Sequence_12\",\"ActivityId\":\"1.55\",\"ActivityName\":\"ID 18 - Business pop-up Assestamento\"}],\"Verifica_processo_da_seguire.xaml\":[{\"ConditionalExpression\":null,\"ActionExpression\":null,\"ExpectedHitCounter\":null,\"ShouldContinueAfterAction\":false,\"IsEnabled\":true,\"ActivityIdRef\":\"InvokeWorkflowFile_5\",\"ActivityId\":\"1.39\",\"ActivityName\":\"Invoke \\\"DataEntryODA.xaml\\\" Workflow File\"},{\"ConditionalExpression\":null,\"ActionExpression\":null,\"ExpectedHitCounter\":null,\"ShouldContinueAfterAction\":false,\"IsEnabled\":true,\"ActivityIdRef\":\"If_3\",\"ActivityId\":\"1.9\",\"ActivityName\":\"If ExistsLandingPage I'm in ODA Edit Page\"}],\"DataEntryODA_Workflow.xaml\":[{\"ConditionalExpression\":null,\"ActionExpression\":null,\"ExpectedHitCounter\":null,\"ShouldContinueAfterAction\":false,\"IsEnabled\":true,\"ActivityIdRef\":\"Sequence_17\",\"ActivityId\":\"1.270\",\"ActivityName\":\"Final operation\"}]}}"}